ts,symbol,side,price,qty,fee,fee_currency
2023-01-05T11:00:00Z,LINK/USDT,buy,5.25167753,152.40844396,0.80040000,USDT
2023-01-05T22:00:00Z,LINK/USDT,sell,5.28875730,152.40844396,0.80605127,USDT
2023-01-08T05:00:00Z,LINK/USDT,buy,5.41757443,147.80115292,0.80072375,USDT
2023-01-08T07:00:00Z,LINK/USDT,stop_sell,5.30094070,147.80115292,0.78348515,USDT
2023-01-08T08:00:00Z,LINK/USDT,buy,5.31618376,150.33663343,0.79921717,USDT
2023-01-08T14:00:00Z,LINK/USDT,sell,5.35293519,150.33663343,0.80474226,USDT
2023-01-20T22:00:00Z,LINK/USDT,buy,4.79248204,166.83025819,0.79953102,USDT
2023-01-21T10:00:00Z,LINK/USDT,sell,4.81773693,166.83025819,0.80374430,USDT
2023-01-22T07:00:00Z,LINK/USDT,buy,4.70444505,169.99665496,0.79973992,USDT
2023-01-22T13:00:00Z,LINK/USDT,stop_sell,4.59267690,169.99665496,0.78073971,USDT
2023-01-23T12:00:00Z,LINK/USDT,buy,4.52755264,176.27462461,0.79809264,USDT
2023-01-23T15:00:00Z,LINK/USDT,sell,4.49484745,176.27462461,0.79232755,USDT
2023-01-25T07:00:00Z,LINK/USDT,buy,4.45307242,179.09071123,0.79750391,USDT
2023-01-25T17:00:00Z,LINK/USDT,sell,4.43919529,179.09071123,0.79501864,USDT
2023-01-26T13:00:00Z,LINK/USDT,buy,4.34605094,183.42571968,0.79717752,USDT
2023-01-27T00:00:00Z,LINK/USDT,sell,4.40423678,183.42571968,0.80785030,USDT
2023-02-01T18:00:00Z,LINK/USDT,buy,4.05954576,196.54989786,0.79790330,USDT
2023-02-01T21:00:00Z,LINK/USDT,sell,4.12674460,196.54989786,0.81111123,USDT
2023-02-02T17:00:00Z,LINK/USDT,buy,3.93998901,202.74972315,0.79883168,USDT
2023-02-02T22:00:00Z,LINK/USDT,stop_sell,3.84313336,202.74972315,0.77919422,USDT
2023-02-05T20:00:00Z,LINK/USDT,buy,4.05164981,196.74296415,0.79713359,USDT
2023-02-06T05:00:00Z,LINK/USDT,sell,4.14951321,196.74296415,0.81638753,USDT
2023-02-07T11:00:00Z,LINK/USDT,buy,4.03057328,198.12207277,0.79854553,USDT
2023-02-07T19:00:00Z,LINK/USDT,stop_sell,3.93117979,198.12207277,0.77885349,USDT
2023-02-07T20:00:00Z,LINK/USDT,buy,3.96576289,200.93060234,0.79684313,USDT
2023-02-07T23:00:00Z,LINK/USDT,stop_sell,3.86168123,200.93060234,0.77592994,USDT
2023-02-08T00:00:00Z,LINK/USDT,buy,3.85117963,206.44151317,0.79504335,USDT
2023-02-08T01:00:00Z,LINK/USDT,sell,3.87399104,206.44151317,0.79975257,USDT
2023-02-08T17:00:00Z,LINK/USDT,buy,3.80832321,208.83012933,0.79529263,USDT
2023-02-08T19:00:00Z,LINK/USDT,sell,3.76360925,208.83012933,0.78595501,USDT
2023-02-09T21:00:00Z,LINK/USDT,buy,3.72960187,213.00361541,0.79441868,USDT
2023-02-10T05:00:00Z,LINK/USDT,sell,3.80323843,213.00361541,0.81010354,USDT
2023-02-13T17:00:00Z,LINK/USDT,buy,3.90702754,203.61916168,0.79554567,USDT
2023-02-13T18:00:00Z,LINK/USDT,sell,3.87998004,203.61916168,0.79003828,USDT
2023-02-16T02:00:00Z,LINK/USDT,buy,3.55124073,223.85921148,0.79497795,USDT
2023-02-16T08:00:00Z,LINK/USDT,stop_sell,3.46499414,223.85921148,0.77567086,USDT
2023-02-16T09:00:00Z,LINK/USDT,buy,3.45700664,229.47797864,0.79330690,USDT
2023-02-16T23:00:00Z,LINK/USDT,sell,3.52466479,229.47797864,0.80883295,USDT
2023-02-17T15:00:00Z,LINK/USDT,buy,3.41580405,232.57228889,0.79442137,USDT
2023-02-17T22:00:00Z,LINK/USDT,sell,3.43289869,232.57228889,0.79839711,USDT
2023-02-18T16:00:00Z,LINK/USDT,buy,3.36411322,236.20254253,0.79461210,USDT
2023-02-18T18:00:00Z,LINK/USDT,stop_sell,3.27332352,236.20254253,0.77316734,USDT
2023-02-18T19:00:00Z,LINK/USDT,buy,3.23414326,245.1252486,0.79277017,USDT
2023-02-19T02:00:00Z,LINK/USDT,sell,3.20982029,245.1252486,0.78680800,USDT
2023-02-20T13:00:00Z,LINK/USDT,buy,3.23615727,244.78616567,0.79216653,USDT
2023-02-20T18:00:00Z,LINK/USDT,sell,3.36726253,244.78616567,0.82425928,USDT
2023-02-24T17:00:00Z,LINK/USDT,buy,3.44549188,230.62189129,0.79460585,USDT
2023-02-24T22:00:00Z,LINK/USDT,stop_sell,3.34946900,230.62189129,0.77246088,USDT
2023-02-24T23:00:00Z,LINK/USDT,buy,3.35171902,236.50787481,0.79270794,USDT
2023-02-25T08:00:00Z,LINK/USDT,sell,3.43837995,236.50787481,0.81320393,USDT
2023-02-27T08:00:00Z,LINK/USDT,buy,3.34547690,237.40110246,0.79421990,USDT
2023-02-27T17:00:00Z,LINK/USDT,stop_sell,3.27601928,237.40110246,0.77773059,USDT
2023-02-27T20:00:00Z,LINK/USDT,buy,3.21938389,246.25031027,0.79277428,USDT
2023-02-28T08:00:00Z,LINK/USDT,stop_sell,3.12711312,246.25031027,0.77005258,USDT
2023-02-28T09:00:00Z,LINK/USDT,buy,3.12726985,252.8820934,0.79083055,USDT
2023-02-28T09:00:00Z,LINK/USDT,stop_sell,3.05927396,252.8820934,0.77363560,USDT
2023-02-28T10:00:00Z,LINK/USDT,buy,3.07055751,257.06375507,0.78932904,USDT
2023-02-28T12:00:00Z,LINK/USDT,sell,3.05158245,257.06375507,0.78445124,USDT
2023-03-05T08:00:00Z,LINK/USDT,buy,3.30010223,239.02673476,0.78881266,USDT
2023-03-05T20:00:00Z,LINK/USDT,stop_sell,3.21252269,239.02673476,0.76787881,USDT
2023-03-05T21:00:00Z,LINK/USDT,buy,3.19780810,246.10998868,0.78701252,USDT
2023-03-06T05:00:00Z,LINK/USDT,sell,3.31167933,246.10998868,0.81503736,USDT
2023-03-07T13:00:00Z,LINK/USDT,buy,3.19296969,247.14528309,0.78912740,USDT
2023-03-07T14:00:00Z,LINK/USDT,stop_sell,3.10773656,247.14528309,0.76806243,USDT
2023-03-07T15:00:00Z,LINK/USDT,buy,3.11149697,253.03470554,0.78731672,USDT
2023-03-07T17:00:00Z,LINK/USDT,stop_sell,3.02381038,253.03470554,0.76512897,USDT
2023-03-07T18:00:00Z,LINK/USDT,buy,3.09081464,254.11312139,0.78541656,USDT
2023-03-07T19:00:00Z,LINK/USDT,sell,3.07864791,254.11312139,0.78232483,USDT
2023-03-10T10:00:00Z,LINK/USDT,buy,2.93090672,267.85008379,0.78504361,USDT
2023-03-10T11:00:00Z,LINK/USDT,stop_sell,2.87120239,267.85008379,0.76905180,USDT
2023-03-10T12:00:00Z,LINK/USDT,buy,2.87945401,272.14855125,0.78363924,USDT
2023-03-10T13:00:00Z,LINK/USDT,sell,2.83917070,272.14855125,0.77267619,USDT
2023-03-14T09:00:00Z,LINK/USDT,buy,2.33910597,334.58817066,0.78263719,USDT
2023-03-14T20:00:00Z,LINK/USDT,stop_sell,2.28378100,334.58817066,0.76412611,USDT
2023-03-14T21:00:00Z,LINK/USDT,buy,2.29956921,339.64263992,0.78103176,USDT
2023-03-15T00:00:00Z,LINK/USDT,sell,2.35643819,339.64263992,0.80034689,USDT
2023-03-19T03:00:00Z,LINK/USDT,buy,1.98964933,393.26084041,0.78245117,USDT
2023-03-19T16:00:00Z,LINK/USDT,sell,2.01527086,393.26084041,0.79252711,USDT
2023-03-21T15:00:00Z,LINK/USDT,buy,2.06412555,379.4011392,0.78313159,USDT
2023-03-21T16:00:00Z,LINK/USDT,sell,2.04927185,379.4011392,0.77749607,USDT
2023-03-22T10:00:00Z,LINK/USDT,buy,2.04792045,382.122072,0.78255561,USDT
2023-03-22T22:00:00Z,LINK/USDT,sell,2.11309992,382.122072,0.80746212,USDT
2023-03-24T09:00:00Z,LINK/USDT,buy,2.02157128,388.0258218,0.78442186,USDT
2023-03-24T12:00:00Z,LINK/USDT,sell,2.00095702,388.0258218,0.77642299,USDT
2023-03-26T14:00:00Z,LINK/USDT,buy,1.85206557,423.12578504,0.78365670,USDT
2023-03-26T15:00:00Z,LINK/USDT,sell,1.84607850,423.12578504,0.78112341,USDT
2023-03-28T05:00:00Z,LINK/USDT,buy,1.86823265,419.28861988,0.78332869,USDT
2023-03-28T18:00:00Z,LINK/USDT,stop_sell,1.82317271,419.28861988,0.76443557,USDT
2023-03-29T07:00:00Z,LINK/USDT,buy,1.79324317,435.90998276,0.78169260,USDT
2023-03-29T09:00:00Z,LINK/USDT,sell,1.82371269,435.90998276,0.79497457,USDT
2023-03-31T19:00:00Z,LINK/USDT,buy,1.70045780,460.24634735,0.78262949,USDT
2023-03-31T20:00:00Z,LINK/USDT,stop_sell,1.65539453,460.24634735,0.76188929,USDT
2023-03-31T21:00:00Z,LINK/USDT,buy,1.65436077,471.99246946,0.78084583,USDT
2023-04-01T02:00:00Z,LINK/USDT,stop_sell,1.61176935,471.99246946,0.76074300,USDT
2023-04-03T02:00:00Z,LINK/USDT,buy,1.59888404,487.28574671,0.77911340,USDT
2023-04-03T04:00:00Z,LINK/USDT,sell,1.60082419,487.28574671,0.78005881,USDT
2023-04-05T21:00:00Z,LINK/USDT,buy,1.81112511,430.1548659,0.77906428,USDT
2023-04-06T00:00:00Z,LINK/USDT,sell,1.89011747,430.1548659,0.81304323,USDT
2023-04-06T14:00:00Z,LINK/USDT,buy,1.78523117,437.84610917,0.78165652,USDT
2023-04-06T14:00:00Z,LINK/USDT,stop_sell,1.73180902,437.84610917,0.75826584,USDT
2023-04-06T15:00:00Z,LINK/USDT,buy,1.73552033,449.23765177,0.77966108,USDT
2023-04-06T16:00:00Z,LINK/USDT,sell,1.75883514,449.23765177,0.79013497,USDT
2023-04-07T20:00:00Z,LINK/USDT,buy,1.70215665,458.46177461,0.78037376,USDT
2023-04-07T21:00:00Z,LINK/USDT,sell,1.70742186,458.46177461,0.78278766,USDT
2023-04-15T08:00:00Z,LINK/USDT,buy,2.12304099,367.60564511,0.78044185,USDT
2023-04-15T12:00:00Z,LINK/USDT,sell,2.23953567,367.60564511,0.82326595,USDT
2023-04-16T10:00:00Z,LINK/USDT,buy,2.17024158,361.13082563,0.78374113,USDT
2023-04-16T16:00:00Z,LINK/USDT,stop_sell,2.11844029,361.13082563,0.76503409,USDT
2023-04-16T17:00:00Z,LINK/USDT,buy,2.12329312,368.3522786,0.78211986,USDT
2023-04-16T18:00:00Z,LINK/USDT,sell,2.10707294,368.3522786,0.77614512,USDT
2023-04-26T19:00:00Z,LINK/USDT,buy,2.73450557,285.7982534,0.78151692,USDT
2023-04-26T22:00:00Z,LINK/USDT,sell,2.69823321,285.7982534,0.77115034,USDT
2023-05-01T20:00:00Z,LINK/USDT,buy,3.13097370,249.30356273,0.78056290,USDT
2023-05-01T23:00:00Z,LINK/USDT,stop_sell,3.05101619,249.30356273,0.76062921,USDT
2023-05-02T00:00:00Z,LINK/USDT,buy,3.03105577,256.95470773,0.77884405,USDT
2023-05-02T07:00:00Z,LINK/USDT,sell,3.16777932,256.95470773,0.81397581,USDT
2023-05-04T18:00:00Z,LINK/USDT,buy,3.01301976,259.38379745,0.78152851,USDT
2023-05-05T01:00:00Z,LINK/USDT,sell,3.08322861,259.38379745,0.79973955,USDT
2023-05-06T18:00:00Z,LINK/USDT,buy,2.91485470,268.57584134,0.78285955,USDT
2023-05-07T04:00:00Z,LINK/USDT,sell,2.96297077,268.57584134,0.79578237,USDT
2023-05-08T08:00:00Z,LINK/USDT,buy,3.03526988,258.22005047,0.78376754,USDT
2023-05-08T10:00:00Z,LINK/USDT,sell,3.11890377,258.22005047,0.80536349,USDT
2023-05-09T00:00:00Z,LINK/USDT,buy,2.98687769,262.93975419,0.78536889,USDT
2023-05-09T04:00:00Z,LINK/USDT,sell,3.03339554,262.93975419,0.79760028,USDT
2023-05-10T11:00:00Z,LINK/USDT,buy,3.18920481,246.52577492,0.78622119,USDT
2023-05-10T14:00:00Z,LINK/USDT,stop_sell,3.12038934,246.52577492,0.76925640,USDT
2023-05-10T15:00:00Z,LINK/USDT,buy,3.14780912,249.29682666,0.78473882,USDT
2023-05-10T19:00:00Z,LINK/USDT,sell,3.19303968,249.29682666,0.79601466,USDT
2023-05-11T09:00:00Z,LINK/USDT,buy,3.07703275,255.28321693,0.78551482,USDT
2023-05-11T23:00:00Z,LINK/USDT,sell,3.09629808,255.28321693,0.79043293,USDT
2023-05-12T06:00:00Z,LINK/USDT,buy,3.04983315,257.64764355,0.78578232,USDT
2023-05-12T08:00:00Z,LINK/USDT,stop_sell,2.97680349,257.64764355,0.76696640,USDT
2023-05-12T09:00:00Z,LINK/USDT,buy,2.98695973,262.52513834,0.78415202,USDT
2023-05-12T13:00:00Z,LINK/USDT,sell,2.98401125,262.52513834,0.78337797,USDT
2023-05-17T12:00:00Z,LINK/USDT,buy,3.14079761,249.60684945,0.78396460,USDT
2023-05-17T19:00:00Z,LINK/USDT,sell,3.13337153,249.60684945,0.78211100,USDT
2023-05-18T03:00:00Z,LINK/USDT,buy,2.99252652,261.88268751,0.78369089,USDT
2023-05-18T04:00:00Z,LINK/USDT,sell,2.95921265,261.88268751,0.77496656,USDT
2023-05-19T23:00:00Z,LINK/USDT,buy,2.82373616,277.24539096,0.78286784,USDT
2023-05-20T00:00:00Z,LINK/USDT,sell,2.80620020,277.24539096,0.77800607,USDT
2023-05-22T16:00:00Z,LINK/USDT,buy,2.61981625,298.62925209,0.78235377,USDT
2023-05-22T18:00:00Z,LINK/USDT,sell,2.70195435,298.62925209,0.80688261,USDT
2023-05-27T09:00:00Z,LINK/USDT,buy,3.17508275,246.98249351,0.78418985,USDT
2023-05-27T09:00:00Z,LINK/USDT,stop_sell,3.09828483,246.98249351,0.76522211,USDT
2023-05-27T10:00:00Z,LINK/USDT,buy,3.12523384,250.39651504,0.78254766,USDT
2023-05-27T18:00:00Z,LINK/USDT,sell,3.09466289,250.39651504,0.77489280,USDT
2023-05-30T06:00:00Z,LINK/USDT,buy,2.90551403,269.07813916,0.78181031,USDT
2023-05-30T17:00:00Z,LINK/USDT,sell,2.96097477,269.07813916,0.79673358,USDT
2023-05-31T22:00:00Z,LINK/USDT,buy,2.78510486,281.09477423,0.78287842,USDT
2023-06-01T02:00:00Z,LINK/USDT,sell,2.74370346,281.09477423,0.77124070,USDT
2023-06-10T00:00:00Z,LINK/USDT,buy,3.14814328,248.34401598,0.78182255,USDT
2023-06-10T02:00:00Z,LINK/USDT,sell,3.23843597,248.34401598,0.80424619,USDT
2023-06-11T21:00:00Z,LINK/USDT,buy,3.16754598,247.34933314,0.78349039,USDT
2023-06-12T02:00:00Z,LINK/USDT,sell,3.28959438,247.34933314,0.81367898,USDT
2023-06-17T09:00:00Z,LINK/USDT,buy,3.10316781,253.21828919,0.78577884,USDT
2023-06-17T18:00:00Z,LINK/USDT,sell,3.02358445,253.21828919,0.76562688,USDT
2023-06-22T15:00:00Z,LINK/USDT,buy,3.51779302,222.87886242,0.78404171,USDT
2023-06-22T22:00:00Z,LINK/USDT,sell,3.63309954,222.87886242,0.80974109,USDT
2023-06-23T13:00:00Z,LINK/USDT,buy,3.55048436,221.37011176,0.78597112,USDT
2023-06-23T17:00:00Z,LINK/USDT,sell,3.66967624,221.37011176,0.81235664,USDT
2023-06-24T19:00:00Z,LINK/USDT,buy,3.50927076,224.53527799,0.78795509,USDT
2023-06-24T23:00:00Z,LINK/USDT,stop_sell,3.42592175,224.53527799,0.76924029,USDT
2023-06-30T23:00:00Z,LINK/USDT,buy,3.03189419,259.35354805,0.78633252,USDT
2023-07-01T00:00:00Z,LINK/USDT,sell,2.99608621,259.35354805,0.77704559,USDT
2023-07-03T22:00:00Z,LINK/USDT,buy,3.25102170,241.60529513,0.78546406,USDT
2023-07-03T22:00:00Z,LINK/USDT,stop_sell,3.16662743,241.60529513,0.76507395,USDT
2023-07-03T23:00:00Z,LINK/USDT,buy,3.18201321,246.29310942,0.78370793,USDT
2023-07-04T00:00:00Z,LINK/USDT,sell,3.17568436,246.29310942,0.78214918,USDT
2023-07-04T09:00:00Z,LINK/USDT,buy,3.19467254,245.2388547,0.78345783,USDT
2023-07-04T13:00:00Z,LINK/USDT,sell,3.19735352,245.2388547,0.78411532,USDT
2023-07-05T04:00:00Z,LINK/USDT,buy,3.08776211,253.70639407,0.78338499,USDT
2023-07-05T05:00:00Z,LINK/USDT,stop_sell,3.01924316,253.70639407,0.76600129,USDT
2023-07-05T06:00:00Z,LINK/USDT,buy,3.03468158,257.64468706,0.78186959,USDT
2023-07-05T15:00:00Z,LINK/USDT,sell,3.11953345,257.64468706,0.80373122,USDT
2023-07-06T07:00:00Z,LINK/USDT,buy,3.04478363,257.32287586,0.78349248,USDT
2023-07-06T08:00:00Z,LINK/USDT,sell,3.04032908,257.32287586,0.78234622,USDT
2023-07-07T18:00:00Z,LINK/USDT,buy,2.96449951,264.21842937,0.78327540,USDT
2023-07-08T01:00:00Z,LINK/USDT,stop_sell,2.89257495,264.21842937,0.76427161,USDT
2023-07-08T02:00:00Z,LINK/USDT,buy,2.88610033,270.82581534,0.78163048,USDT
2023-07-08T03:00:00Z,LINK/USDT,sell,2.90750052,270.82581534,0.78742620,USDT
2023-07-09T01:00:00Z,LINK/USDT,buy,2.76341602,282.97179008,0.78196878,USDT
2023-07-09T02:00:00Z,LINK/USDT,sell,2.78055103,282.97179008,0.78681750,USDT
2023-07-10T13:00:00Z,LINK/USDT,buy,2.73288176,286.2294723,0.78223130,USDT
2023-07-10T15:00:00Z,LINK/USDT,stop_sell,2.67035940,286.2294723,0.76433556,USDT
2023-07-10T16:00:00Z,LINK/USDT,buy,2.61497483,298.5402119,0.78067514,USDT
2023-07-10T22:00:00Z,LINK/USDT,sell,2.60288291,298.5402119,0.77706522,USDT
2023-07-13T23:00:00Z,LINK/USDT,buy,2.51102188,310.734656,0.78026152,USDT
2023-07-14T02:00:00Z,LINK/USDT,sell,2.48734670,310.734656,0.77290482,USDT
2023-07-18T15:00:00Z,LINK/USDT,buy,2.34709996,332.1325839,0.77954837,USDT
2023-07-18T17:00:00Z,LINK/USDT,sell,2.31395944,332.1325839,0.76854133,USDT
2023-07-30T02:00:00Z,LINK/USDT,buy,2.87704580,270.60516776,0.77854346,USDT
2023-07-30T13:00:00Z,LINK/USDT,sell,2.93967543,270.60516776,0.79549136,USDT
2023-08-02T02:00:00Z,LINK/USDT,buy,2.97189020,262.38317489,0.77977399,USDT
2023-08-02T06:00:00Z,LINK/USDT,sell,2.92430012,262.38317489,0.76728715,USDT
2023-08-03T14:00:00Z,LINK/USDT,buy,2.99385418,260.08304581,0.77865071,USDT
2023-08-03T20:00:00Z,LINK/USDT,sell,3.06608119,260.08304581,0.79743573,USDT
2023-08-05T19:00:00Z,LINK/USDT,buy,2.86981719,271.80411317,0.78002812,USDT
2023-08-05T20:00:00Z,LINK/USDT,sell,2.86428314,271.80411317,0.77852394,USDT
2023-08-11T02:00:00Z,LINK/USDT,buy,2.69366616,289.48760889,0.77978298,USDT
2023-08-11T02:00:00Z,LINK/USDT,stop_sell,2.63469756,289.48760889,0.76271230,USDT
2023-08-11T03:00:00Z,LINK/USDT,buy,2.64663366,294.06910009,0.77829318,USDT
2023-08-11T04:00:00Z,LINK/USDT,stop_sell,2.58298943,294.06910009,0.75957738,USDT
2023-08-11T05:00:00Z,LINK/USDT,buy,2.57536004,301.57805605,0.77667207,USDT
2023-08-11T06:00:00Z,LINK/USDT,sell,2.51682196,301.57805605,0.75901827,USDT
2023-08-17T02:00:00Z,LINK/USDT,buy,2.43528303,318.29406935,0.77513615,USDT
2023-08-17T08:00:00Z,LINK/USDT,sell,2.38573154,318.29406935,0.75936420,USDT
2023-08-17T14:00:00Z,LINK/USDT,buy,2.35807545,328.12815178,0.77375094,USDT
2023-08-17T16:00:00Z,LINK/USDT,sell,2.43398240,328.12815178,0.79865815,USDT
2023-08-22T16:00:00Z,LINK/USDT,buy,2.43889884,318.0200192,0.77561866,USDT
2023-08-22T18:00:00Z,LINK/USDT,stop_sell,2.37205359,318.0200192,0.75436053,USDT
2023-08-22T19:00:00Z,LINK/USDT,buy,2.38872076,323.93685678,0.77379469,USDT
2023-08-22T20:00:00Z,LINK/USDT,sell,2.39239021,323.93685678,0.77498336,USDT
2023-08-25T07:00:00Z,LINK/USDT,buy,2.25867978,342.57440174,0.77376587,USDT
2023-08-25T16:00:00Z,LINK/USDT,stop_sell,2.20453607,342.57440174,0.75521763,USDT
2023-08-29T18:00:00Z,LINK/USDT,buy,2.52701187,305.56203511,0.77215889,USDT
2023-08-29T23:00:00Z,LINK/USDT,stop_sell,2.46866444,305.56203511,0.75433013,USDT
2023-08-30T00:00:00Z,LINK/USDT,buy,2.48831454,309.69143412,0.77060970,USDT
2023-08-30T11:00:00Z,LINK/USDT,sell,2.46048014,309.69143412,0.76198962,USDT
2023-09-03T03:00:00Z,LINK/USDT,buy,2.37289686,324.41236338,0.76979708,USDT
2023-09-03T05:00:00Z,LINK/USDT,stop_sell,2.30757282,324.41236338,0.74860515,USDT
2023-09-03T06:00:00Z,LINK/USDT,buy,2.30112199,333.7412562,0.76797934,USDT
2023-09-03T20:00:00Z,LINK/USDT,sell,2.33602540,333.7412562,0.77962805,USDT
2023-09-05T09:00:00Z,LINK/USDT,buy,2.28724205,336.12001604,0.76878783,USDT
2023-09-05T19:00:00Z,LINK/USDT,sell,2.34029127,336.12001604,0.78661874,USDT
2023-09-23T23:00:00Z,LINK/USDT,buy,3.32643939,231.50595435,0.77009053,USDT
2023-09-24T13:00:00Z,LINK/USDT,sell,3.33171731,231.50595435,0.77131240,USDT
2023-09-28T12:00:00Z,LINK/USDT,buy,3.71528571,207.26937549,0.77006495,USDT
2023-09-28T19:00:00Z,LINK/USDT,sell,3.78039886,207.26937549,0.78356091,USDT
2023-09-29T09:00:00Z,LINK/USDT,buy,3.61080750,213.53140926,0.77102081,USDT
2023-09-29T14:00:00Z,LINK/USDT,stop_sell,3.53025067,213.53140926,0.75381940,USDT
2023-09-30T17:00:00Z,LINK/USDT,buy,3.65407813,210.59264156,0.76952197,USDT
2023-09-30T23:00:00Z,LINK/USDT,sell,3.79085962,210.59264156,0.79832714,USDT
2023-10-01T13:00:00Z,LINK/USDT,buy,3.63068444,212.55001762,0.77170204,USDT
2023-10-02T00:00:00Z,LINK/USDT,sell,3.70279967,212.55001762,0.78703014,USDT
2023-10-09T06:00:00Z,LINK/USDT,buy,4.20513752,183.77618734,0.77280414,USDT
2023-10-09T07:00:00Z,LINK/USDT,sell,4.21511439,183.77618734,0.77463765,USDT
2023-10-10T20:00:00Z,LINK/USDT,buy,4.40029305,175.63081118,0.77282704,USDT
2023-10-11T09:00:00Z,LINK/USDT,stop_sell,4.28930663,175.63081118,0.75333440,USDT
2023-10-11T11:00:00Z,LINK/USDT,buy,4.26401994,180.84922277,0.77114469,USDT
2023-10-11T11:00:00Z,LINK/USDT,stop_sell,4.16194378,180.84922277,0.75268430,USDT
2023-10-11T12:00:00Z,LINK/USDT,buy,4.20304647,183.09223097,0.76954516,USDT
2023-10-11T19:00:00Z,LINK/USDT,sell,4.47420678,183.09223097,0.81919250,USDT
2023-10-12T18:00:00Z,LINK/USDT,buy,4.27972880,180.71046173,0.77339177,USDT
2023-10-12T22:00:00Z,LINK/USDT,sell,4.20627781,180.71046173,0.76011841,USDT
2023-10-14T10:00:00Z,LINK/USDT,buy,4.16370081,185.4616025,0.77220662,USDT
2023-10-14T15:00:00Z,LINK/USDT,stop_sell,4.05885085,185.4616025,0.75276098,USDT
2023-10-14T16:00:00Z,LINK/USDT,buy,4.03682340,190.87486869,0.77052814,USDT
2023-10-14T20:00:00Z,LINK/USDT,sell,4.06116340,190.87486869,0.77517403,USDT
2023-10-14T21:00:00Z,LINK/USDT,buy,4.11469932,187.3226246,0.77077628,USDT
2023-10-15T02:00:00Z,LINK/USDT,stop_sell,4.01614699,187.3226246,0.75231519,USDT
2023-10-17T15:00:00Z,LINK/USDT,buy,4.15686039,185.03790619,0.76917674,USDT
2023-10-18T06:00:00Z,LINK/USDT,sell,4.17640875,185.03790619,0.77279393,USDT
2023-10-19T05:00:00Z,LINK/USDT,buy,4.13925960,185.8648451,0.76934284,USDT
2023-10-19T21:00:00Z,LINK/USDT,sell,4.17980905,185.8648451,0.77687956,USDT
2023-10-21T21:00:00Z,LINK/USDT,buy,4.39755068,175.05706685,0.76982232,USDT
2023-10-22T00:00:00Z,LINK/USDT,stop_sell,4.29613093,175.05706685,0.75206808,USDT
2023-10-22T01:00:00Z,LINK/USDT,buy,4.29852319,178.73102632,0.76827946,USDT
2023-10-22T12:00:00Z,LINK/USDT,sell,4.36401490,178.73102632,0.77998486,USDT
2023-10-25T05:00:00Z,LINK/USDT,buy,4.65722045,165.13979679,0.76909244,USDT
2023-10-25T12:00:00Z,LINK/USDT,sell,4.79565897,165.13979679,0.79195415,USDT
2023-10-27T08:00:00Z,LINK/USDT,buy,4.68946056,164.36801921,0.77079734,USDT
2023-10-27T20:00:00Z,LINK/USDT,sell,4.76390086,164.36801921,0.78303295,USDT
2023-10-30T05:00:00Z,LINK/USDT,buy,4.21000595,183.2900764,0.77165231,USDT
2023-10-30T19:00:00Z,LINK/USDT,sell,4.24442672,183.2900764,0.77796130,USDT
2023-11-01T04:00:00Z,LINK/USDT,buy,4.10619007,188.01693043,0.77203325,USDT
2023-11-01T08:00:00Z,LINK/USDT,sell,4.09779808,188.01693043,0.77045542,USDT
2023-11-02T04:00:00Z,LINK/USDT,buy,3.91892848,196.93737834,0.77178350,USDT
2023-11-02T17:00:00Z,LINK/USDT,sell,3.98173114,196.93737834,0.78415169,USDT
2023-11-03T14:00:00Z,LINK/USDT,buy,3.96870136,194.68557717,0.77264891,USDT
2023-11-03T16:00:00Z,LINK/USDT,stop_sell,3.87111023,194.68557717,0.75364933,USDT
2023-11-03T17:00:00Z,LINK/USDT,buy,3.91042223,197.16694946,0.77100602,USDT
2023-11-04T04:00:00Z,LINK/USDT,sell,4.00685457,197.16694946,0.79001929,USDT
2023-11-05T09:00:00Z,LINK/USDT,buy,3.85847427,200.18350415,0.77240290,USDT
2023-11-05T17:00:00Z,LINK/USDT,sell,3.95390306,200.18350415,0.79150617,USDT
2023-11-06T07:00:00Z,LINK/USDT,buy,3.81996103,202.56927906,0.77380675,USDT
2023-11-06T15:00:00Z,LINK/USDT,stop_sell,3.73413014,202.56927906,0.75642005,USDT
2023-11-06T16:00:00Z,LINK/USDT,buy,3.72067441,207.56791795,0.77229264,USDT
2023-11-06T23:00:00Z,LINK/USDT,sell,3.85716046,207.56791795,0.80062277,USDT
2023-11-12T09:00:00Z,LINK/USDT,buy,4.46480229,173.45320972,0.77443429,USDT
2023-11-12T12:00:00Z,LINK/USDT,stop_sell,4.35224497,173.45320972,0.75491086,USDT
2023-11-12T13:00:00Z,LINK/USDT,buy,4.34374379,177.89935622,0.77274922,USDT
2023-11-12T15:00:00Z,LINK/USDT,stop_sell,4.23060357,177.89935622,0.75262165,USDT
2023-11-12T16:00:00Z,LINK/USDT,buy,4.20918154,183.17483209,0.77101612,USDT
2023-11-12T16:00:00Z,LINK/USDT,stop_sell,4.10316843,183.17483209,0.75159719,USDT
2023-11-12T17:00:00Z,LINK/USDT,buy,4.12720057,186.40721413,0.76933996,USDT
2023-11-12T18:00:00Z,LINK/USDT,sell,4.19118536,186.40721413,0.78126719,USDT
2023-11-15T08:00:00Z,LINK/USDT,buy,4.13782788,186.12917868,0.77017050,USDT
2023-11-15T13:00:00Z,LINK/USDT,sell,4.26207490,186.12917868,0.79329650,USDT
2023-11-16T11:00:00Z,LINK/USDT,buy,4.20514852,183.55983512,0.77189637,USDT
2023-11-16T11:00:00Z,LINK/USDT,stop_sell,4.11025755,183.55983512,0.75447820,USDT
2023-11-16T12:00:00Z,LINK/USDT,buy,4.12146070,186.91917847,0.77038005,USDT
2023-11-16T13:00:00Z,LINK/USDT,sell,4.17673959,186.91917847,0.78071273,USDT
2023-11-18T05:00:00Z,LINK/USDT,buy,4.30217301,179.23103622,0.77108293,USDT
2023-11-18T10:00:00Z,LINK/USDT,sell,4.49211582,179.23103622,0.80512657,USDT
2023-11-19T18:00:00Z,LINK/USDT,buy,4.69555360,164.7689891,0.77368162,USDT
2023-11-19T19:00:00Z,LINK/USDT,stop_sell,4.57948175,164.7689891,0.75455658,USDT
2023-11-19T20:00:00Z,LINK/USDT,buy,4.62952160,166.76205406,0.77202853,USDT
2023-11-19T22:00:00Z,LINK/USDT,sell,4.57124523,166.76205406,0.76231024,USDT
2023-11-27T05:00:00Z,LINK/USDT,buy,4.77053908,161.6437596,0.77112787,USDT
2023-11-27T13:00:00Z,LINK/USDT,sell,4.74493435,161.6437596,0.76698903,USDT
2023-12-01T06:00:00Z,LINK/USDT,buy,5.04789268,152.67232009,0.77067349,USDT
2023-12-01T06:00:00Z,LINK/USDT,stop_sell,4.93916282,152.67232009,0.75407345,USDT
2023-12-01T07:00:00Z,LINK/USDT,buy,4.98652202,154.26037979,0.76922278,USDT
2023-12-01T08:00:00Z,LINK/USDT,stop_sell,4.87353383,154.26037979,0.75179318,USDT
2023-12-05T18:00:00Z,LINK/USDT,buy,4.72344554,162.53092484,0.76770597,USDT
2023-12-05T22:00:00Z,LINK/USDT,sell,4.84005476,162.53092484,0.78665858,USDT
2023-12-09T09:00:00Z,LINK/USDT,buy,4.75972767,161.58456537,0.76909853,USDT
2023-12-09T10:00:00Z,LINK/USDT,stop_sell,4.65382706,161.58456537,0.75198662,USDT
2023-12-09T11:00:00Z,LINK/USDT,buy,4.61455412,166.34481306,0.76760714,USDT
2023-12-09T15:00:00Z,LINK/USDT,sell,4.62183193,166.34481306,0.76881777,USDT
2023-12-10T13:00:00Z,LINK/USDT,buy,4.65458813,164.90848268,0.76758107,USDT
2023-12-10T23:00:00Z,LINK/USDT,stop_sell,4.55330332,164.90848268,0.75087834,USDT
2023-12-11T20:00:00Z,LINK/USDT,buy,4.44661620,172.2934044,0.76612264,USDT
2023-12-12T02:00:00Z,LINK/USDT,sell,4.45958809,172.2934044,0.76835761,USDT
2023-12-15T03:00:00Z,LINK/USDT,buy,4.35541062,175.91423112,0.76617871,USDT
2023-12-15T05:00:00Z,LINK/USDT,sell,4.31951016,175.91423112,0.75986331,USDT
2023-12-17T12:00:00Z,LINK/USDT,buy,4.23453321,180.78759643,0.76555108,USDT
2023-12-17T15:00:00Z,LINK/USDT,sell,4.20404093,180.78759643,0.76003846,USDT
2023-12-20T06:00:00Z,LINK/USDT,buy,3.97082542,192.65207129,0.76498774,USDT
2023-12-20T11:00:00Z,LINK/USDT,sell,4.13668462,192.65207129,0.79694086,USDT
2023-12-21T05:00:00Z,LINK/USDT,buy,4.14043218,185.34786205,0.76742025,USDT
2023-12-21T12:00:00Z,LINK/USDT,stop_sell,4.03752634,185.34786205,0.74834688,USDT
2023-12-24T02:00:00Z,LINK/USDT,buy,4.21912551,181.50024126,0.76577230,USDT
2023-12-24T12:00:00Z,LINK/USDT,sell,4.26082952,181.50024126,0.77334159,USDT
2023-12-28T01:00:00Z,LINK/USDT,buy,4.08441118,187.60475332,0.76625495,USDT
2023-12-28T05:00:00Z,LINK/USDT,sell,4.02347925,187.60475332,0.75482383,USDT
2023-12-29T18:00:00Z,LINK/USDT,buy,4.00741371,190.95065174,0.76521826,USDT
2023-12-29T20:00:00Z,LINK/USDT,stop_sell,3.91320153,190.95065174,0.74722838,USDT
2023-12-29T21:00:00Z,LINK/USDT,buy,3.91838021,194.89106512,0.76365729,USDT
2023-12-29T22:00:00Z,LINK/USDT,sell,3.89745630,194.89106512,0.75957941,USDT
2023-12-31T18:00:00Z,LINK/USDT,buy,4.04590794,188.63725769,0.76320898,USDT
2023-12-31T19:00:00Z,LINK/USDT,sell,4.05204996,188.63725769,0.76436759,USDT
2024-01-02T23:00:00Z,LINK/USDT,buy,3.87394300,197.00327205,0.76317945,USDT
2024-01-03T10:00:00Z,LINK/USDT,sell,3.91918343,197.00327205,0.77209196,USDT
2024-01-03T22:00:00Z,LINK/USDT,buy,3.68435025,207.30111664,0.76376992,USDT
2024-01-04T02:00:00Z,LINK/USDT,sell,3.63608405,207.30111664,0.75376428,USDT
2024-01-09T06:00:00Z,LINK/USDT,buy,3.94551277,193.34561857,0.76284761,USDT
2024-01-09T17:00:00Z,LINK/USDT,sell,4.06740328,193.34561857,0.78641460,USDT
2024-01-10T07:00:00Z,LINK/USDT,buy,3.93720162,194.20135949,0.76460991,USDT
2024-01-10T08:00:00Z,LINK/USDT,sell,3.93377313,194.20135949,0.76394409,USDT
2024-01-12T13:00:00Z,LINK/USDT,buy,3.84042425,199.04943279,0.76443427,USDT
2024-01-12T13:00:00Z,LINK/USDT,stop_sell,3.75546454,199.04943279,0.74752309,USDT
2024-01-12T14:00:00Z,LINK/USDT,buy,3.74121968,203.93340871,0.76295968,USDT
2024-01-12T16:00:00Z,LINK/USDT,sell,3.72788413,203.93340871,0.76024012,USDT
2024-01-13T22:00:00Z,LINK/USDT,buy,3.62030025,210.65106165,0.76262009,USDT
2024-01-14T09:00:00Z,LINK/USDT,sell,3.72183615,210.65106165,0.78400874,USDT
2024-01-15T21:00:00Z,LINK/USDT,buy,4.00074938,191.0162756,0.76420825,USDT
2024-01-16T03:00:00Z,LINK/USDT,sell,4.08133731,191.0162756,0.77960185,USDT
2024-01-20T10:00:00Z,LINK/USDT,buy,3.94090947,194.19801158,0.76531678,USDT
2024-01-20T16:00:00Z,LINK/USDT,sell,3.92433785,194.19801158,0.76209861,USDT
2024-01-24T10:00:00Z,LINK/USDT,buy,3.65048933,209.54367377,0.76493695,USDT
2024-01-24T10:00:00Z,LINK/USDT,stop_sell,3.55468745,209.54367377,0.74486227,USDT
2024-01-24T11:00:00Z,LINK/USDT,buy,3.58061741,213.15020176,0.76320932,USDT
2024-01-24T16:00:00Z,LINK/USDT,stop_sell,3.47607298,213.15020176,0.74092566,USDT
2024-01-29T07:00:00Z,LINK/USDT,buy,4.46203490,170.6184208,0.76130535,USDT
2024-01-29T12:00:00Z,LINK/USDT,stop_sell,4.36618446,170.6184208,0.74495150,USDT
2024-01-29T13:00:00Z,LINK/USDT,buy,4.30977381,176.314549,0.75987583,USDT
2024-01-29T20:00:00Z,LINK/USDT,stop_sell,4.19687572,176.314549,0.73997025,USDT
2024-01-29T21:00:00Z,LINK/USDT,buy,4.20084737,180.47847687,0.75816253,USDT
2024-01-30T05:00:00Z,LINK/USDT,sell,4.28782601,180.47847687,0.77386031,USDT
2024-02-01T23:00:00Z,LINK/USDT,buy,4.34134659,174.89881233,0.75929636,USDT
2024-02-02T00:00:00Z,LINK/USDT,sell,4.34899741,174.89881233,0.76063448,USDT
2024-02-04T09:00:00Z,LINK/USDT,buy,4.16991892,182.08550935,0.75928181,USDT
2024-02-04T20:00:00Z,LINK/USDT,sell,4.20423183,182.08550935,0.76552969,USDT
2024-02-05T07:00:00Z,LINK/USDT,buy,4.11668631,184.53187508,0.75965984,USDT
2024-02-05T18:00:00Z,LINK/USDT,stop_sell,4.00983772,184.53187508,0.73994287,USDT
2024-02-06T00:00:00Z,LINK/USDT,buy,3.97167284,190.84191976,0.75796167,USDT
2024-02-06T08:00:00Z,LINK/USDT,stop_sell,3.88725801,190.84191976,0.74185178,USDT
2024-02-08T18:00:00Z,LINK/USDT,buy,4.23611300,178.59584719,0.75655219,USDT
2024-02-09T01:00:00Z,LINK/USDT,sell,4.35659461,178.59584719,0.77806971,USDT
2024-02-10T18:00:00Z,LINK/USDT,buy,4.07907352,185.86368135,0.75815162,USDT
2024-02-10T22:00:00Z,LINK/USDT,stop_sell,3.97285301,185.86368135,0.73840909,USDT
2024-02-11T15:00:00Z,LINK/USDT,buy,3.85455832,196.24859225,0.75645164,USDT
2024-02-11T15:00:00Z,LINK/USDT,stop_sell,3.75927328,196.24859225,0.73775209,USDT
2024-02-11T16:00:00Z,LINK/USDT,buy,3.71606610,203.12753153,0.75483533,USDT
2024-02-11T18:00:00Z,LINK/USDT,sell,3.70296159,203.12753153,0.75217345,USDT
2024-02-20T18:00:00Z,LINK/USDT,buy,3.42802115,220.09830818,0.75450166,USDT
2024-02-20T21:00:00Z,LINK/USDT,sell,3.53106059,220.09830818,0.77718046,USDT
2024-02-24T12:00:00Z,LINK/USDT,buy,3.46423225,218.28625148,0.75619427,USDT
2024-02-24T13:00:00Z,LINK/USDT,sell,3.44984921,218.28625148,0.75305465,USDT
2024-02-27T02:00:00Z,LINK/USDT,buy,3.70627321,203.93050751,0.75582218,USDT
2024-02-27T06:00:00Z,LINK/USDT,stop_sell,3.62915256,203.93050751,0.74009492,USDT
2024-02-29T00:00:00Z,LINK/USDT,buy,3.67796806,205.12511824,0.75444363,USDT
2024-02-29T04:00:00Z,LINK/USDT,stop_sell,3.57766388,205.12511824,0.73386873,USDT
2024-02-29T05:00:00Z,LINK/USDT,buy,3.59026724,209.64391912,0.75267769,USDT
2024-02-29T11:00:00Z,LINK/USDT,sell,3.72205304,209.64391912,0.78030579,USDT
2024-03-01T18:00:00Z,LINK/USDT,buy,3.47795611,217.01433916,0.75476635,USDT
2024-03-02T04:00:00Z,LINK/USDT,sell,3.59550435,217.01433916,0.78027600,USDT
2024-03-03T11:00:00Z,LINK/USDT,buy,3.54320672,213.55944903,0.75668527,USDT
2024-03-03T22:00:00Z,LINK/USDT,sell,3.66848484,213.55944903,0.78343960,USDT
2024-03-04T11:00:00Z,LINK/USDT,buy,3.48228927,217.87489762,0.75870342,USDT
2024-03-04T20:00:00Z,LINK/USDT,sell,3.56751035,217.87489762,0.77727095,USDT
2024-03-14T13:00:00Z,LINK/USDT,buy,4.95180667,153.49279091,0.76006663,USDT
2024-03-14T16:00:00Z,LINK/USDT,sell,5.13919712,153.49279091,0.78882971,USDT
2024-03-18T18:00:00Z,LINK/USDT,buy,5.11670607,148.97178725,0.76224485,USDT
2024-03-18T21:00:00Z,LINK/USDT,sell,5.07082432,148.97178725,0.75540976,USDT
2024-03-24T20:00:00Z,LINK/USDT,buy,6.37971026,119.37474653,0.76157630,USDT
2024-03-24T22:00:00Z,LINK/USDT,sell,6.36446318,119.37474653,0.75975618,USDT
2024-03-25T01:00:00Z,LINK/USDT,buy,6.37866574,119.35236567,0.76130885,USDT
2024-03-25T07:00:00Z,LINK/USDT,sell,6.59294888,119.35236567,0.78688405,USDT
2024-04-06T17:00:00Z,LINK/USDT,buy,8.02009104,95.16500043,0.76323197,USDT
2024-04-06T19:00:00Z,LINK/USDT,sell,8.00835382,95.16500043,0.76211499,USDT
2024-04-06T23:00:00Z,LINK/USDT,buy,8.23320354,92.67601269,0.76302048,USDT
2024-04-07T06:00:00Z,LINK/USDT,sell,8.21400594,92.67601269,0.76124132,USDT
2024-04-16T22:00:00Z,LINK/USDT,buy,8.77714338,86.90254193,0.76275607,USDT
2024-04-17T12:00:00Z,LINK/USDT,sell,8.88903826,86.90254193,0.77248002,USDT
2024-04-22T05:00:00Z,LINK/USDT,buy,10.88233745,70.15142644,0.76341150,USDT
2024-04-22T17:00:00Z,LINK/USDT,sell,10.94666793,70.15142644,0.76792437,USDT
2024-04-23T09:00:00Z,LINK/USDT,buy,10.59596233,72.0699181,0.76365014,USDT
2024-04-23T10:00:00Z,LINK/USDT,stop_sell,10.37870412,72.0699181,0.74799236,USDT
2024-04-23T11:00:00Z,LINK/USDT,buy,10.39932306,73.30053045,0.76227590,USDT
2024-04-23T13:00:00Z,LINK/USDT,sell,10.41440819,73.30053045,0.76338164,USDT
2024-04-26T08:00:00Z,LINK/USDT,buy,10.30920202,73.93804927,0.76224229,USDT
2024-04-26T13:00:00Z,LINK/USDT,stop_sell,10.12807172,73.93804927,0.74884987,USDT
2024-04-26T14:00:00Z,LINK/USDT,buy,10.18238865,74.74173656,0.76104941,USDT
2024-04-27T03:00:00Z,LINK/USDT,stop_sell,9.95439956,74.74173656,0.74400911,USDT
2024-04-27T05:00:00Z,LINK/USDT,buy,9.83094702,77.26265214,0.75956504,USDT
2024-04-27T06:00:00Z,LINK/USDT,stop_sell,9.63818325,77.26265214,0.74467160,USDT
2024-04-27T07:00:00Z,LINK/USDT,buy,9.59373247,79.03624287,0.75825257,USDT
2024-04-27T09:00:00Z,LINK/USDT,stop_sell,9.38035552,79.03624287,0.74138806,USDT
2024-04-27T10:00:00Z,LINK/USDT,buy,9.37331632,80.73798826,0.75678270,USDT
2024-04-27T11:00:00Z,LINK/USDT,sell,9.43358085,80.73798826,0.76164834,USDT
2024-05-01T16:00:00Z,LINK/USDT,buy,10.96203628,69.06113005,0.75705061,USDT
2024-05-01T17:00:00Z,LINK/USDT,sell,10.96727262,69.06113005,0.75741224,USDT
2024-05-03T00:00:00Z,LINK/USDT,buy,10.47618247,72.25516948,0.75695834,USDT
2024-05-03T04:00:00Z,LINK/USDT,stop_sell,10.21331472,72.25516948,0.73796479,USDT
2024-05-05T00:00:00Z,LINK/USDT,buy,10.01384242,75.42743443,0.75531844,USDT
2024-05-05T01:00:00Z,LINK/USDT,stop_sell,9.80368285,75.42743443,0.73946665,USDT
2024-05-05T02:00:00Z,LINK/USDT,buy,9.84254281,76.59911025,0.75393002,USDT
2024-05-05T06:00:00Z,LINK/USDT,sell,9.69812051,76.59911025,0.74286740,USDT
2024-05-09T11:00:00Z,LINK/USDT,buy,9.82054582,76.66832171,0.75292477,USDT
2024-05-09T14:00:00Z,LINK/USDT,stop_sell,9.62031687,76.66832171,0.73757355,USDT
2024-05-09T15:00:00Z,LINK/USDT,buy,9.60960740,78.21097406,0.75157676,USDT
2024-05-10T03:00:00Z,LINK/USDT,stop_sell,9.37212838,78.21097406,0.73300329,USDT
2024-05-10T10:00:00Z,LINK/USDT,buy,9.37768550,79.97403084,0.74997131,USDT
2024-05-10T15:00:00Z,LINK/USDT,sell,9.48466929,79.97403084,0.75852723,USDT
2024-05-15T10:00:00Z,LINK/USDT,buy,7.90020513,95.00201237,0.75053539,USDT
2024-05-15T18:00:00Z,LINK/USDT,sell,8.27079353,95.00201237,0.78574203,USDT
2024-05-16T15:00:00Z,LINK/USDT,buy,7.80295653,96.53140559,0.75323036,USDT
2024-05-16T21:00:00Z,LINK/USDT,sell,7.81204902,96.53140559,0.75410807,USDT
2024-05-24T08:00:00Z,LINK/USDT,buy,5.83103706,129.16741192,0.75317997,USDT
2024-05-24T15:00:00Z,LINK/USDT,sell,5.95111995,129.16741192,0.76869076,USDT
2024-05-28T05:00:00Z,LINK/USDT,buy,5.73182848,131.59843181,0.75429964,USDT
2024-05-28T10:00:00Z,LINK/USDT,sell,5.66926795,131.59843181,0.74606677,USDT
2024-05-31T03:00:00Z,LINK/USDT,buy,5.76230471,130.76722409,0.75352059,USDT
2024-05-31T04:00:00Z,LINK/USDT,sell,5.83384162,130.76722409,0.76287527,USDT
2024-06-01T14:00:00Z,LINK/USDT,buy,5.88616461,128.12213349,0.75414797,USDT
2024-06-01T21:00:00Z,LINK/USDT,sell,6.12901796,128.12213349,0.78526286,USDT
2024-06-04T18:00:00Z,LINK/USDT,buy,6.39233757,118.34719004,0.75651519,USDT
2024-06-05T05:00:00Z,LINK/USDT,stop_sell,6.20984566,118.34719004,0.73491778,USDT
2024-06-05T06:00:00Z,LINK/USDT,buy,6.18195343,122.07584013,0.75466716,USDT
2024-06-05T17:00:00Z,LINK/USDT,stop_sell,5.99200957,122.07584013,0.73147960,USDT
2024-06-05T18:00:00Z,LINK/USDT,buy,5.96274588,126.23249261,0.75269228,USDT
2024-06-06T08:00:00Z,LINK/USDT,sell,6.00797851,126.23249261,0.75840210,USDT
2024-06-12T04:00:00Z,LINK/USDT,buy,6.59747609,114.13885129,0.75302834,USDT
2024-06-12T10:00:00Z,LINK/USDT,stop_sell,6.43507599,114.13885129,0.73449218,USDT
2024-06-12T11:00:00Z,LINK/USDT,buy,6.44781830,116.53951958,0.75142565,USDT
2024-06-12T13:00:00Z,LINK/USDT,sell,6.41574252,116.53951958,0.74768755,USDT
2024-06-14T22:00:00Z,LINK/USDT,buy,6.97940196,107.60326819,0.75100646,USDT
2024-06-15T04:00:00Z,LINK/USDT,stop_sell,6.79170131,107.60326819,0.73080926,USDT
2024-06-15T05:00:00Z,LINK/USDT,buy,6.71709687,111.54689092,0.74927127,USDT
2024-06-15T14:00:00Z,LINK/USDT,sell,6.98622114,111.54689092,0.77929125,USDT
2024-06-22T19:00:00Z,LINK/USDT,buy,8.38963672,89.58096155,0.75155172,USDT
2024-06-23T01:00:00Z,LINK/USDT,stop_sell,8.15627521,89.58096155,0.73064698,USDT
2024-06-23T02:00:00Z,LINK/USDT,buy,8.12687941,92.25679816,0.74975987,USDT
2024-06-23T05:00:00Z,LINK/USDT,sell,8.11026384,92.25679816,0.74822697,USDT
2024-06-26T11:00:00Z,LINK/USDT,buy,7.45007918,100.60527725,0.74951728,USDT
2024-06-26T13:00:00Z,LINK/USDT,stop_sell,7.23962976,100.60527725,0.72834496,USDT
2024-06-26T14:00:00Z,LINK/USDT,buy,7.19363902,103.93965532,0.74770436,USDT
2024-06-26T17:00:00Z,LINK/USDT,sell,7.26748744,103.93965532,0.75538014,USDT
2024-07-02T05:00:00Z,LINK/USDT,buy,7.80100355,95.91053483,0.74819842,USDT
2024-07-02T07:00:00Z,LINK/USDT,sell,7.79647981,95.91053483,0.74776455,USDT
2024-07-05T20:00:00Z,LINK/USDT,buy,7.12754299,104.95116757,0.74804396,USDT
2024-07-05T21:00:00Z,LINK/USDT,sell,7.14157842,104.95116757,0.74951699,USDT
2024-07-08T01:00:00Z,LINK/USDT,buy,7.03276262,106.3653127,0.74804200,USDT
2024-07-08T15:00:00Z,LINK/USDT,sell,7.03932957,106.3653127,0.74874049,USDT
2024-07-10T23:00:00Z,LINK/USDT,buy,7.09641944,105.4021831,0.74797810,USDT
2024-07-11T06:00:00Z,LINK/USDT,sell,7.09373236,105.4021831,0.74769488,USDT
2024-07-12T10:00:00Z,LINK/USDT,buy,6.85497578,109.09385276,0.74783572,USDT
2024-07-12T17:00:00Z,LINK/USDT,sell,6.90287983,109.09385276,0.75306176,USDT
2024-07-13T21:00:00Z,LINK/USDT,buy,6.57452062,113.79291687,0.74813388,USDT
2024-07-14T01:00:00Z,LINK/USDT,sell,6.79183139,113.79291687,0.77286230,USDT
2024-07-14T20:00:00Z,LINK/USDT,buy,6.60926398,113.47578233,0.74999140,USDT
2024-07-15T05:00:00Z,LINK/USDT,sell,6.97436707,113.47578233,0.79142176,USDT
2024-07-17T10:00:00Z,LINK/USDT,buy,7.32112773,102.87815475,0.75318411,USDT
2024-07-17T12:00:00Z,LINK/USDT,sell,7.37454888,102.87815475,0.75867998,USDT
2024-07-21T22:00:00Z,LINK/USDT,buy,7.28305971,103.45967516,0.75350299,USDT
2024-07-22T13:00:00Z,LINK/USDT,sell,7.26061788,103.45967516,0.75118117,USDT
2024-07-22T22:00:00Z,LINK/USDT,buy,6.98721786,107.79636943,0.75319672,USDT
2024-07-22T23:00:00Z,LINK/USDT,stop_sell,6.77604657,107.79636943,0.73043322,USDT
2024-07-23T00:00:00Z,LINK/USDT,buy,6.77382822,110.90567303,0.75125598,USDT
2024-07-23T15:00:00Z,LINK/USDT,sell,6.79734363,110.90567303,0.75386397,USDT
2024-07-27T02:00:00Z,LINK/USDT,buy,6.59314793,113.9583489,0.75134425,USDT
2024-07-27T07:00:00Z,LINK/USDT,stop_sell,6.41454987,113.9583489,0.73099151,USDT
2024-07-27T08:00:00Z,LINK/USDT,buy,6.33599541,118.30762544,0.74959657,USDT
2024-07-27T11:00:00Z,LINK/USDT,sell,6.27547869,118.30762544,0.74243698,USDT
2024-08-01T17:00:00Z,LINK/USDT,buy,5.38621676,139.04083876,0.74890410,USDT
2024-08-02T04:00:00Z,LINK/USDT,stop_sell,5.22816343,139.04083876,0.72692823,USDT
2024-08-02T05:00:00Z,LINK/USDT,buy,5.24714726,142.36822124,0.74702702,USDT
2024-08-02T06:00:00Z,LINK/USDT,sell,5.32313210,142.36822124,0.75784485,USDT
2024-08-08T00:00:00Z,LINK/USDT,buy,5.38104018,138.9642907,0.74777243,USDT
2024-08-08T02:00:00Z,LINK/USDT,sell,5.45188270,138.9642907,0.75761701,USDT
2024-08-11T13:00:00Z,LINK/USDT,buy,6.20190540,120.67902547,0.74843990,USDT
2024-08-11T17:00:00Z,LINK/USDT,sell,6.27988848,120.67902547,0.75785082,USDT
2024-08-19T13:00:00Z,LINK/USDT,buy,7.24496167,103.39220839,0.74907259,USDT
2024-08-19T15:00:00Z,LINK/USDT,stop_sell,7.06109015,103.39220839,0.73006170,USDT
2024-08-19T16:00:00Z,LINK/USDT,buy,7.05266357,105.97876369,0.74743257,USDT
2024-08-19T22:00:00Z,LINK/USDT,sell,7.21680679,105.97876369,0.76482826,USDT
2024-08-23T07:00:00Z,LINK/USDT,buy,6.30292489,118.78673621,0.74870388,USDT
2024-08-23T09:00:00Z,LINK/USDT,sell,6.16616937,118.78673621,0.73245913,USDT
2024-08-25T13:00:00Z,LINK/USDT,buy,6.23367828,119.87867528,0.74728509,USDT
2024-08-25T17:00:00Z,LINK/USDT,stop_sell,6.08485726,119.87867528,0.72944463,USDT
2024-08-27T04:00:00Z,LINK/USDT,buy,6.01751325,123.92809368,0.74573895,USDT
2024-08-27T05:00:00Z,LINK/USDT,stop_sell,5.86714721,123.92809368,0.72710437,USDT
2024-08-27T06:00:00Z,LINK/USDT,buy,5.83328418,127.56614022,0.74412955,USDT
2024-08-27T09:00:00Z,LINK/USDT,sell,5.71508903,127.56614022,0.72905185,USDT
2024-08-30T06:00:00Z,LINK/USDT,buy,5.93594849,125.13666803,0.74280482,USDT
2024-08-30T18:00:00Z,LINK/USDT,sell,6.08053221,125.13666803,0.76089754,USDT
2024-09-02T04:00:00Z,LINK/USDT,buy,6.65582925,111.80163628,0.74413260,USDT
2024-09-02T11:00:00Z,LINK/USDT,sell,6.84166945,111.80163628,0.76490984,USDT
2024-09-04T23:00:00Z,LINK/USDT,buy,6.83027843,109.17195176,0.74567483,USDT
2024-09-05T13:00:00Z,LINK/USDT,sell,6.98771939,109.17195176,0.76286296,USDT
2024-09-06T22:00:00Z,LINK/USDT,buy,6.59205338,113.3076114,0.74692982,USDT
2024-09-07T05:00:00Z,LINK/USDT,stop_sell,6.40043575,113.3076114,0.72521809,USDT
2024-09-15T02:00:00Z,LINK/USDT,buy,5.47473800,136.09312162,0.74507418,USDT
2024-09-15T16:00:00Z,LINK/USDT,stop_sell,5.33092699,136.09312162,0.72550250,USDT
2024-09-15T23:00:00Z,LINK/USDT,buy,5.27183960,141.0114908,0.74338996,USDT
2024-09-16T08:00:00Z,LINK/USDT,stop_sell,5.14572153,141.0114908,0.72560586,USDT
2024-09-20T21:00:00Z,LINK/USDT,buy,4.15228410,178.66044938,0.74184894,USDT
2024-09-21T07:00:00Z,LINK/USDT,sell,4.16468761,178.66044938,0.74406496,USDT
2024-09-22T18:00:00Z,LINK/USDT,buy,4.13045420,179.61883765,0.74190738,USDT
2024-09-22T23:00:00Z,LINK/USDT,sell,4.27934826,179.61883765,0.76865156,USDT
2024-09-26T08:00:00Z,LINK/USDT,buy,4.05907953,183.2748227,0.74392708,USDT
2024-09-26T10:00:00Z,LINK/USDT,stop_sell,3.96682566,183.2748227,0.72701927,USDT
2024-09-26T11:00:00Z,LINK/USDT,buy,3.92685445,189.07144504,0.74245605,USDT
2024-09-26T11:00:00Z,LINK/USDT,stop_sell,3.83210445,189.07144504,0.72454153,USDT
2024-09-29T22:00:00Z,LINK/USDT,buy,4.02426913,184.10914484,0.74090475,USDT
2024-09-30T04:00:00Z,LINK/USDT,sell,4.12110142,184.10914484,0.75873246,USDT
2024-09-30T20:00:00Z,LINK/USDT,buy,4.02390495,184.45059132,0.74221165,USDT
2024-09-30T22:00:00Z,LINK/USDT,stop_sell,3.93439421,184.45059132,0.72570134,USDT
2024-10-01T09:00:00Z,LINK/USDT,buy,3.88406206,190.72112095,0.74077267,USDT
2024-10-01T10:00:00Z,LINK/USDT,sell,3.86307750,190.72112095,0.73677047,USDT
2024-10-02T17:00:00Z,LINK/USDT,buy,3.80521666,194.55766599,0.74033407,USDT
2024-10-03T03:00:00Z,LINK/USDT,sell,3.90738233,194.55766599,0.76021119,USDT
2024-10-03T22:00:00Z,LINK/USDT,buy,3.66518968,202.3919625,0.74180493,USDT
2024-10-04T11:00:00Z,LINK/USDT,stop_sell,3.55814725,202.3919625,0.72014040,USDT
2024-10-12T11:00:00Z,LINK/USDT,buy,3.25818428,227.10621194,0.73995389,USDT
2024-10-12T15:00:00Z,LINK/USDT,stop_sell,3.17176625,227.10621194,0.72032782,USDT
2024-10-12T19:00:00Z,LINK/USDT,buy,3.15721482,233.83462321,0.73826614,USDT
2024-10-12T19:00:00Z,LINK/USDT,stop_sell,3.07950877,233.83462321,0.72009577,USDT
2024-10-12T20:00:00Z,LINK/USDT,buy,3.07437642,239.62422083,0.73669505,USDT
2024-10-12T22:00:00Z,LINK/USDT,sell,3.07701472,239.62422083,0.73732725,USDT
2024-10-14T15:00:00Z,LINK/USDT,buy,3.21094267,229.41165592,0.73662767,USDT
2024-10-14T16:00:00Z,LINK/USDT,stop_sell,3.12966513,229.41165592,0.71798166,USDT
2024-10-14T17:00:00Z,LINK/USDT,buy,3.15181212,233.20515093,0.73501882,USDT
2024-10-14T19:00:00Z,LINK/USDT,sell,3.13487578,233.20515093,0.73106918,USDT
2024-10-15T04:00:00Z,LINK/USDT,buy,3.08321184,238.25328423,0.73458535,USDT
2024-10-15T10:00:00Z,LINK/USDT,sell,3.14202920,238.25328423,0.74859878,USDT
2024-10-16T06:00:00Z,LINK/USDT,buy,3.09999322,237.28705643,0.73558827,USDT
2024-10-16T13:00:00Z,LINK/USDT,stop_sell,3.02538109,237.28705643,0.71788377,USDT
2024-10-16T14:00:00Z,LINK/USDT,buy,3.03114782,242.17059264,0.73405486,USDT
2024-10-16T23:00:00Z,LINK/USDT,sell,3.13659792,242.17059264,0.75959178,USDT
2024-10-21T12:00:00Z,LINK/USDT,buy,3.23980709,227.16762597,0.73597929,USDT
2024-10-21T13:00:00Z,LINK/USDT,sell,3.20899370,227.16762597,0.72897948,USDT
2024-10-23T19:00:00Z,LINK/USDT,buy,3.08607327,238.26452039,0.73530177,USDT
2024-10-23T21:00:00Z,LINK/USDT,sell,3.02090379,238.26452039,0.71977419,USDT
2024-10-26T23:00:00Z,LINK/USDT,buy,3.28891764,223.1562344,0.73394248,USDT
2024-10-27T00:00:00Z,LINK/USDT,sell,3.23620309,223.1562344,0.72217890,USDT
2024-10-30T09:00:00Z,LINK/USDT,buy,3.15841642,232.04171742,0.73288437,USDT
2024-10-30T13:00:00Z,LINK/USDT,stop_sell,3.07068046,232.04171742,0.71252597,USDT
2024-11-03T04:00:00Z,LINK/USDT,buy,3.19913377,228.54286382,0.73113919,USDT
2024-11-03T05:00:00Z,LINK/USDT,sell,3.20100070,228.54286382,0.73156587,USDT
2024-11-04T15:00:00Z,LINK/USDT,buy,3.06276462,238.69162682,0.73105627,USDT
2024-11-05T03:00:00Z,LINK/USDT,stop_sell,2.99892047,238.69162682,0.71581721,USDT
2024-11-05T10:00:00Z,LINK/USDT,buy,2.96429140,246.17037493,0.72972073,USDT
2024-11-05T17:00:00Z,LINK/USDT,sell,3.04421313,246.17037493,0.74939509,USDT
2024-11-06T18:00:00Z,LINK/USDT,buy,3.03419234,240.97914458,0.73117707,USDT
2024-11-06T20:00:00Z,LINK/USDT,stop_sell,2.94097303,240.97914458,0.70871317,USDT
2024-11-06T21:00:00Z,LINK/USDT,buy,2.88170613,253.06668352,0.72926381,USDT
2024-11-06T23:00:00Z,LINK/USDT,sell,2.87210223,253.06668352,0.72683339,USDT
2024-11-08T20:00:00Z,LINK/USDT,buy,2.85134996,255.65179516,0.72895274,USDT
2024-11-09T07:00:00Z,LINK/USDT,stop_sell,2.77313981,255.65179516,0.70895817,USDT
2024-11-09T08:00:00Z,LINK/USDT,buy,2.77301682,262.25491208,0.72723728,USDT
2024-11-09T09:00:00Z,LINK/USDT,sell,2.79292584,262.25491208,0.73245852,USDT
2024-11-16T22:00:00Z,LINK/USDT,buy,2.95105979,246.53460322,0.72753835,USDT
2024-11-17T01:00:00Z,LINK/USDT,sell,2.99384933,246.53460322,0.73808746,USDT
2024-11-18T21:00:00Z,LINK/USDT,buy,2.91342398,249.96890273,0.72826540,USDT
2024-11-19T01:00:00Z,LINK/USDT,sell,3.00092779,249.96890273,0.75013863,USDT
2024-11-19T22:00:00Z,LINK/USDT,buy,2.88330793,253.14597514,0.72989780,USDT
2024-11-19T22:00:00Z,LINK/USDT,stop_sell,2.81780828,253.14597514,0.71331682,USDT
2024-11-19T23:00:00Z,LINK/USDT,buy,2.81330495,258.9321654,0.72845514,USDT
2024-11-20T08:00:00Z,LINK/USDT,sell,2.99561144,258.9321654,0.77566016,USDT
2024-11-21T10:00:00Z,LINK/USDT,buy,2.85675066,256.2747433,0.73211304,USDT
2024-11-21T19:00:00Z,LINK/USDT,sell,3.01396326,256.2747433,0.77240266,USDT
2024-11-23T09:00:00Z,LINK/USDT,buy,2.85463260,257.5523734,0.73521740,USDT
2024-11-23T15:00:00Z,LINK/USDT,stop_sell,2.78385695,257.5523734,0.71698896,USDT
2024-11-23T16:00:00Z,LINK/USDT,buy,2.78786724,263.15534459,0.73364216,USDT
2024-11-23T19:00:00Z,LINK/USDT,stop_sell,2.72490430,263.15534459,0.71707313,USDT
2024-11-23T20:00:00Z,LINK/USDT,buy,2.76690176,264.62806645,0.73219986,USDT
2024-11-23T21:00:00Z,LINK/USDT,sell,2.76250806,264.62806645,0.73103717,USDT
2024-11-30T09:00:00Z,LINK/USDT,buy,2.64400734,276.84858172,0.73198968,USDT
2024-11-30T13:00:00Z,LINK/USDT,stop_sell,2.58006300,276.84858172,0.71428678,USDT
2024-12-06T18:00:00Z,LINK/USDT,buy,2.19042567,333.47718409,0.73045698,USDT
2024-12-06T23:00:00Z,LINK/USDT,sell,2.23475706,333.47718409,0.74524049,USDT
2024-12-09T04:00:00Z,LINK/USDT,buy,2.31188937,316.41745078,0.73152214,USDT
2024-12-09T08:00:00Z,LINK/USDT,sell,2.39900190,316.41745078,0.75908607,USDT
2024-12-10T19:00:00Z,LINK/USDT,buy,2.53285379,289.63734503,0.73360905,USDT
2024-12-10T19:00:00Z,LINK/USDT,stop_sell,2.47122306,289.63734503,0.71575849,USDT
2024-12-10T20:00:00Z,LINK/USDT,buy,2.48574625,294.50483184,0.73206428,USDT
2024-12-11T01:00:00Z,LINK/USDT,stop_sell,2.42120940,294.50483184,0.71305787,USDT
2024-12-11T04:00:00Z,LINK/USDT,buy,2.40918799,303.18403687,0.73042734,USDT
2024-12-11T05:00:00Z,LINK/USDT,sell,2.40168056,303.18403687,0.72815121,USDT
2024-12-14T02:00:00Z,LINK/USDT,buy,2.06215456,354.06095553,0.73012841,USDT
2024-12-14T03:00:00Z,LINK/USDT,sell,2.10176059,354.06095553,0.74415136,USDT
2024-12-16T17:00:00Z,LINK/USDT,buy,2.09015856,349.79777381,0.73113281,USDT
2024-12-16T23:00:00Z,LINK/USDT,stop_sell,2.04056882,349.79777381,0.71378643,USDT
2024-12-17T00:00:00Z,LINK/USDT,buy,2.02604652,360.1243843,0.72962876,USDT
2024-12-17T13:00:00Z,LINK/USDT,sell,2.07366365,360.1243843,0.74677685,USDT
2024-12-20T16:00:00Z,LINK/USDT,buy,2.03579839,359.01547005,0.73088312,USDT
2024-12-21T00:00:00Z,LINK/USDT,stop_sell,1.98745841,359.01547005,0.71352832,USDT
2024-12-21T01:00:00Z,LINK/USDT,buy,2.00008654,364.67343352,0.72937843,USDT
2024-12-21T03:00:00Z,LINK/USDT,sell,1.97160570,364.67343352,0.71899222,USDT
2024-12-22T08:00:00Z,LINK/USDT,buy,2.01546223,361.42140385,0.72843119,USDT
2024-12-22T18:00:00Z,LINK/USDT,sell,2.08808344,361.42140385,0.75467805,USDT
2024-12-23T09:00:00Z,LINK/USDT,buy,1.96804853,371.13580595,0.73041328,USDT
2024-12-23T11:00:00Z,LINK/USDT,stop_sell,1.91897064,371.13580595,0.71219872,USDT
2024-12-30T23:00:00Z,LINK/USDT,buy,2.18175733,334.06094566,0.72883992,USDT
2024-12-31T02:00:00Z,LINK/USDT,sell,2.23216336,334.06094566,0.74567860,USDT
2025-01-02T12:00:00Z,LINK/USDT,buy,2.17176934,336.16353812,0.73006967,USDT
2025-01-02T15:00:00Z,LINK/USDT,sell,2.14597648,336.16353812,0.72139905,USDT
2025-01-14T07:00:00Z,LINK/USDT,buy,2.04230964,357.07587047,0.72925949,USDT
2025-01-14T10:00:00Z,LINK/USDT,sell,2.08489103,357.07587047,0.74446428,USDT
2025-01-21T23:00:00Z,LINK/USDT,buy,2.50131103,291.99028808,0.73035853,USDT
2025-01-22T03:00:00Z,LINK/USDT,sell,2.52947863,291.99028808,0.73858319,USDT
2025-01-23T02:00:00Z,LINK/USDT,buy,2.53145710,288.72670119,0.73089926,USDT
2025-01-23T03:00:00Z,LINK/USDT,stop_sell,2.46713103,288.72670119,0.71232660,USDT
2025-01-23T04:00:00Z,LINK/USDT,buy,2.47638858,294.50030287,0.72929719,USDT
2025-01-23T12:00:00Z,LINK/USDT,sell,2.58079896,294.50030287,0.76004608,USDT
2025-01-29T07:00:00Z,LINK/USDT,buy,2.95665859,247.4547186,0.73163912,USDT
2025-01-29T14:00:00Z,LINK/USDT,stop_sell,2.87928707,247.4547186,0.71249317,USDT
2025-02-01T01:00:00Z,LINK/USDT,buy,2.92984919,249.15654067,0.72999109,USDT
2025-02-01T07:00:00Z,LINK/USDT,sell,3.03816916,249.15654067,0.75697972,USDT
2025-02-03T19:00:00Z,LINK/USDT,buy,3.36603518,217.47611176,0.73203224,USDT
2025-02-03T22:00:00Z,LINK/USDT,stop_sell,3.30059908,217.47611176,0.71780145,USDT
2025-02-03T23:00:00Z,LINK/USDT,buy,3.29372104,221.86978098,0.73077717,USDT
2025-02-04T09:00:00Z,LINK/USDT,sell,3.44817405,221.86978098,0.76504562,USDT
2025-02-04T23:00:00Z,LINK/USDT,buy,3.28346191,223.36189873,0.73340029,USDT
2025-02-05T09:00:00Z,LINK/USDT,sell,3.31897068,223.36189873,0.74133159,USDT
2025-02-08T19:00:00Z,LINK/USDT,buy,3.49641834,209.90539476,0.73391707,USDT
2025-02-08T23:00:00Z,LINK/USDT,stop_sell,3.42830963,209.90539476,0.71962069,USDT
2025-02-16T22:00:00Z,LINK/USDT,buy,3.48482454,210.24199019,0.73265645,USDT
2025-02-17T07:00:00Z,LINK/USDT,stop_sell,3.40218760,210.24199019,0.71528269,USDT
2025-02-17T08:00:00Z,LINK/USDT,buy,3.42861445,213.24939542,0.73114996,USDT
2025-02-18T00:00:00Z,LINK/USDT,stop_sell,3.33580451,213.24939542,0.71135829,USDT
2025-02-18T16:00:00Z,LINK/USDT,buy,3.22395917,226.25918513,0.72945037,USDT
2025-02-18T18:00:00Z,LINK/USDT,stop_sell,3.14835358,226.25918513,0.71234392,USDT
2025-03-11T10:00:00Z,LINK/USDT,buy,5.09692719,142.82444034,0.72796577,USDT
2025-03-11T12:00:00Z,LINK/USDT,sell,5.13672036,142.82444034,0.73364921,USDT
2025-03-12T12:00:00Z,LINK/USDT,buy,5.20412876,139.94728437,0.72830369,USDT
2025-03-13T02:00:00Z,LINK/USDT,sell,5.25815461,139.94728437,0.73586446,USDT
2025-03-13T12:00:00Z,LINK/USDT,buy,5.01311831,145.37691225,0.72879166,USDT
2025-03-13T14:00:00Z,LINK/USDT,stop_sell,4.87923302,145.37691225,0.70932783,USDT
2025-03-16T06:00:00Z,LINK/USDT,buy,4.61049510,157.70945485,0.72711867,USDT
2025-03-16T08:00:00Z,LINK/USDT,sell,4.55592290,157.70945485,0.71851212,USDT
2025-03-21T04:00:00Z,LINK/USDT,buy,5.24406372,138.50214832,0.72631409,USDT
2025-03-21T12:00:00Z,LINK/USDT,sell,5.43433447,138.50214832,0.75266700,USDT
2025-03-22T20:00:00Z,LINK/USDT,buy,5.32647991,136.73289169,0.72830500,USDT
2025-03-23T01:00:00Z,LINK/USDT,stop_sell,5.18379812,136.73289169,0.70879571,USDT
2025-03-23T05:00:00Z,LINK/USDT,buy,5.22270105,139.12886162,0.72662845,USDT
2025-03-23T11:00:00Z,LINK/USDT,sell,5.33844744,139.12886162,0.74273212,USDT
2025-03-25T05:00:00Z,LINK/USDT,buy,5.22403371,139.31758883,0.72779978,USDT
2025-03-25T12:00:00Z,LINK/USDT,sell,5.31612461,139.31758883,0.74062966,USDT
2025-03-30T08:00:00Z,LINK/USDT,buy,5.42733531,134.26646955,0.72870915,USDT
2025-03-30T09:00:00Z,LINK/USDT,stop_sell,5.29974259,134.26646955,0.71157773,USDT
2025-04-04T04:00:00Z,LINK/USDT,buy,5.87920613,123.69402518,0.72722267,USDT
2025-04-04T04:00:00Z,LINK/USDT,stop_sell,5.71946473,123.69402518,0.70746361,USDT
2025-04-04T05:00:00Z,LINK/USDT,buy,5.75819666,125.99887904,0.72552632,USDT
2025-04-04T06:00:00Z,LINK/USDT,sell,5.68721097,125.99887904,0.71658221,USDT
2025-04-06T01:00:00Z,LINK/USDT,buy,5.44961645,132.9809204,0.72469501,USDT
2025-04-06T03:00:00Z,LINK/USDT,stop_sell,5.30201078,132.9809204,0.70506627,USDT
2025-04-06T04:00:00Z,LINK/USDT,buy,5.30356946,136.32507203,0.72300949,USDT
2025-04-06T05:00:00Z,LINK/USDT,sell,5.28704116,136.32507203,0.72075627,USDT
2025-04-08T07:00:00Z,LINK/USDT,buy,5.32890212,135.62147803,0.72271358,USDT
2025-04-08T07:00:00Z,LINK/USDT,stop_sell,5.21996828,135.62147803,0.70793981,USDT
2025-04-08T08:00:00Z,LINK/USDT,buy,5.27266602,136.82197539,0.72141658,USDT
2025-04-08T12:00:00Z,LINK/USDT,stop_sell,5.15482073,136.82197539,0.70529276,USDT
2025-04-08T13:00:00Z,LINK/USDT,buy,5.14438691,139.96066934,0.72001184,USDT
2025-04-08T15:00:00Z,LINK/USDT,sell,5.15936603,139.96066934,0.72210832,USDT
2025-04-13T01:00:00Z,LINK/USDT,buy,6.04142520,119.18780526,0.72006421,USDT
2025-04-13T07:00:00Z,LINK/USDT,sell,6.13824034,119.18780526,0.73160339,USDT
